{
    "mse": 0.16566191338473915,
    "mae": 0.26438570091919145,
    "r2": 0.8735799920974865,
    "cv_r2": 0.8678555320442622
}