{
    "coefficients": [
        85438.30309268557,
        12254.623807840797,
        -29441.01344732993,
        33925.949059448445,
        -230.77231458306434,
        -4082.910308508731,
        -89692.88766386651,
        -86984.17752417176,
        0.0,
        0.0,
        0.0,
        0.0,
        0.0
    ],
    "intercept": 207194.69373788778,
    "feature_names": [
        "MedInc",
        "HouseAge",
        "AveRooms",
        "AveBedrms",
        "Population",
        "AveOccup",
        "Latitude",
        "Longitude",
        "ocean_proximity_<1H OCEAN",
        "ocean_proximity_INLAND",
        "ocean_proximity_ISLAND",
        "ocean_proximity_NEAR BAY",
        "ocean_proximity_NEAR OCEAN"
    ],
    "scaler_mean": [
        3.88075425750969,
        28.60828488372093,
        5.43523502048753,
        1.096684748789538,
        1426.453003875969,
        3.096961194668752,
        35.6431492248062,
        -119.58229045542636,
        0.0,
        0.0,
        0.0,
        0.0,
        0.0
    ],
    "scaler_scale": [
        1.9042362577470788,
        12.6021177300953,
        2.387302579723395,
        0.4332014262644865,
        1137.0219480466567,
        11.578393509846865,
        2.136600595041562,
        2.005592806566658,
        1.0,
        1.0,
        1.0,
        1.0,
        1.0
    ]
}