{"compilation_error": null, "testcases": [{"scheme": "CKKS", "runs": [{"result": [131163.7561233498], "expected_output": [91100.0], "time": 102.75970816612244}]}]}