{"compilation_error": null, "testcases": [{"scheme": "CKKS", "runs": [{"result": [332576.10826340324], "expected_output": [162400.0], "time": 29.261224269866943}]}]}