{
    "mean": [
        -0.00013157128614260574,
        0.00039272177573365365,
        0.009109927228825157,
        0.0033957866557942015,
        -0.0008512561461274152,
        0.0032146874717128423,
        -0.0005456824569087833,
        0.005524795923535787,
        0.43891013384321226,
        0.32007648183556403,
        0.00019120458891013384,
        0.11290630975143404,
        0.12791586998087953
    ],
    "scale": [
        0.9942877497793364,
        0.996985062224603,
        0.9951497002911258,
        1.0305628063292263,
        1.0224487962910347,
        1.053478906328784,
        1.0268876078462632,
        1.012663481820916,
        0.4962539957047722,
        0.4665056565694652,
        0.013826352726416573,
        0.3164782377506081,
        0.3339961080430676
    ]
}